inf,prt1,prt2,mom,male,prtdobknown,prtage,primassoc,realdad,currsire,PHG,YNT
ah,ua,oz,ua,oz,KNOWN,7.077344285,0,0,tp,0,0
ah,ua,s3,ua,s3,EST,9.735797399,0,0,tp,0,0
ah,ua,sn,ua,sn,EST,13.79055441,0,0,tp,0,0
ah,ua,s1,ua,s1,EST,12.94455852,0,0,tp,0,0
ah,ua,jj,ua,jj,KNOWN,6.904859685,0,0,tp,0,0
ah,ua,tp,ua,tp,KNOWN,9.790554415,1,1,tp,0,0
ak,oo,bt,oo,bt,EST,11.95071869,0,0,yn,1,0
ak,oo,oe,oo,oe,KNOWN,10.36824093,0,0,yn,1,0
ak,jy,oo,oo,jy,KNOWN,8.859685147,0,0,yn,1,0
ak,oo,oz,oo,oz,KNOWN,8.484599589,0,0,yn,1,0
ak,oo,ph,oo,ph,KNOWN,7.518138261,0,0,yn,1,0
ak,oo,yy,oo,yy,KNOWN,6.138261465,0,0,yn,1,0
ak,oo,sn,oo,sn,EST,15.19780972,0,0,yn,1,0
ak,yr,oo,oo,yr,KNOWN,7.82477755,0,0,yn,1,0
ak,oo,pz,oo,pz,KNOWN,14.85831622,0,0,yn,1,0
ak,oo,jj,oo,jj,KNOWN,8.31211499,0,0,yn,1,0
ak,xc,oo,oo,xc,KNOWN,6.699520876,0,0,yn,1,0
ak,oo,s1,oo,s1,EST,14.35181383,0,0,yn,1,0
ak,oo,tp,oo,tp,KNOWN,11.19780972,0,0,yn,1,0
ak,oo,yn,oo,yn,KNOWN,9.46201232,1,1,yn,1,0
as,oo,bt,oo,bt,EST,10.46406571,0,0,jy,1,0
as,oo,jy,oo,jy,KNOWN,7.37303217,0,1,jy,1,0
as,oo,oe,oo,oe,KNOWN,8.881587953,0,0,jy,1,0
as,oo,oz,oo,oz,KNOWN,6.997946612,0,0,jy,1,0
as,oo,pz,oo,pz,KNOWN,13.37166324,0,0,jy,1,0
as,eb,oo,oo,eb,KNOWN,10.31348392,0,0,jy,1,0
as,oo,ph,oo,ph,KNOWN,6.031485284,0,0,jy,1,0
as,oo,ez,oo,ez,KNOWN,6.094455852,0,0,jy,1,0
as,oo,fh,oo,fh,KNOWN,6.395619439,0,0,jy,1,0
as,oo,yn,oo,yn,KNOWN,7.975359343,0,0,jy,1,0
as,oo,yr,oo,yr,KNOWN,6.338124572,1,0,jy,1,0
av,ua,yn,ua,yn,KNOWN,9.418206708,0,0,yr,0,0
av,ua,oe,ua,oe,KNOWN,10.32443532,0,0,yr,0,0
av,jj,ua,ua,jj,KNOWN,8.268309377,0,0,yr,0,0
av,yy,ua,ua,yy,KNOWN,6.094455852,0,0,yr,0,0
av,ua,tp,ua,tp,KNOWN,11.15400411,0,0,yr,0,0
av,ua,yr,ua,yr,KNOWN,7.780971937,0,1,yr,0,0
av,ua,s1,ua,s1,EST,14.30800821,1,0,yr,0,0
cf,s3,uv,uv,s3,EST,10.14099932,0,0,tp,0,0
cf,yn,uv,uv,yn,KNOWN,8.459958932,0,0,tp,0,0
cf,yr,uv,uv,yr,KNOWN,6.822724162,0,0,tp,0,0
cf,uv,jj,uv,jj,KNOWN,7.310061602,0,0,tp,0,0
cf,sn,uv,uv,sn,EST,14.19575633,0,0,tp,0,0
cf,s1,uv,uv,s1,EST,13.34976044,0,0,tp,0,0
cf,tp,uv,uv,tp,KNOWN,10.19575633,1,1,tp,0,0
cg,un,bt,un,bt,EST,11.19233402,0,0,oe,1,0
cg,un,jy,un,jy,KNOWN,8.101300479,0,0,oe,1,0
cg,un,sn,un,sn,EST,14.43942505,0,0,oe,1,0
cg,ez,un,un,ez,KNOWN,6.822724162,0,0,oe,1,0
cg,un,yn,un,yn,KNOWN,8.703627652,0,0,oe,1,0
cg,un,oz,un,oz,KNOWN,7.726214921,0,0,oe,1,0
cg,un,ph,un,ph,KNOWN,6.759753593,0,0,oe,1,0
cg,un,pz,un,pz,KNOWN,14.09993155,0,0,oe,1,0
cg,un,oe,un,oe,KNOWN,9.609856263,1,1,oe,1,0
cj,yn,uv,uv,yn,KNOWN,9.593429158,0,0,yr,0,0
cj,s1,uv,uv,s1,EST,14.48323066,0,0,yr,0,0
cj,oe,uv,uv,oe,KNOWN,10.49965777,0,0,yr,0,0
cj,yr,uv,uv,yr,KNOWN,7.956194387,0,1,yr,0,0
cj,jj,uv,uv,jj,KNOWN,8.443531828,0,0,yr,0,0
cj,yy,uv,uv,yy,KNOWN,6.269678303,0,0,yr,0,0
cj,tp,uv,uv,tp,KNOWN,11.32922656,1,0,yr,0,0
cp,ur,sn,ur,sn,EST,15.07186858,0,0,oz,1,0
cp,ur,bt,ur,bt,EST,11.82477755,0,0,oz,1,0
cp,ur,xc,ur,xc,KNOWN,6.57357974,0,0,oz,1,0
cp,ur,jy,ur,jy,KNOWN,8.733744011,0,0,oz,1,0
cp,ur,ph,ur,ph,KNOWN,7.392197125,0,0,oz,1,0
cp,ur,ez,ur,ez,KNOWN,7.455167693,0,0,oz,1,0
cp,ur,oe,ur,oe,KNOWN,10.24229979,0,0,oz,1,0
cp,ur,pz,ur,pz,KNOWN,14.73237509,1,0,oz,1,0
cp,ur,oz,ur,oz,KNOWN,8.358658453,1,1,oz,1,0
cu,ur,bt,ur,bt,EST,10.45037645,0,0,oe,1,0
cu,ur,eb,ur,eb,KNOWN,10.29979466,0,0,oe,1,0
cu,ur,ez,ur,ez,KNOWN,6.080766598,0,0,oe,1,0
cu,ur,oz,ur,oz,KNOWN,6.984257358,0,0,oe,1,0
cu,ur,yn,ur,yn,KNOWN,7.961670089,0,0,oe,1,0
cu,ur,yr,ur,yr,KNOWN,6.324435318,0,0,oe,1,0
cu,ur,ph,ur,ph,KNOWN,6.01779603,0,0,oe,1,0
cu,ur,jy,ur,jy,KNOWN,7.359342916,0,0,oe,1,0
cu,fh,ur,ur,fh,KNOWN,6.381930185,0,0,oe,1,0
cu,ur,oe,ur,oe,KNOWN,8.8678987,0,1,oe,1,0
cu,ur,pz,ur,pz,KNOWN,13.35797399,1,0,oe,1,0
gb,fd,bt,fd,bt,EST,10.32717317,0,0,oe,1,0
gb,eb,fd,fd,eb,KNOWN,10.17659138,0,0,oe,1,0
gb,ez,fd,fd,ez,KNOWN,5.957563313,0,0,oe,1,0
gb,jy,fd,fd,jy,KNOWN,7.23613963,0,0,oe,1,0
gb,ph,fd,fd,ph,KNOWN,5.894592745,0,0,oe,1,0
gb,yn,fd,fd,yn,KNOWN,7.838466804,0,0,oe,1,0
gb,yr,fd,fd,yr,KNOWN,6.201232033,0,0,oe,1,0
gb,fd,oe,fd,oe,KNOWN,8.744695414,0,1,oe,1,0
gb,pz,fd,fd,pz,KNOWN,13.2347707,0,0,oe,1,0
gf,gm,pu2,gm,pu2,EST,7.197809719,0,0,ph,1,0
gf,gm,sn,gm,sn,EST,16.88158795,0,0,ph,1,0
gf,gm,oz,gm,oz,KNOWN,10.16837782,0,0,ph,1,0
gf,gm,pq,gm,pq,EST,9.568788501,0,0,ph,1,0
gf,gm,jy,gm,jy,KNOWN,10.54346338,0,0,ph,1,0
gf,gm,pv,gm,pv,EST,7.197809719,0,0,ph,1,0
gf,gm,tp,gm,tp,KNOWN,12.88158795,0,0,ph,1,0
gf,ub,gm,gm,ub,KNOWN,6.362765229,0,0,ph,1,0
gf,af,gm,gm,af,KNOWN,5.941136208,0,0,ph,1,0
gf,gm,xh,gm,xh,KNOWN,6.439425051,0,0,ph,1,0
gf,gm,pz,gm,pz,KNOWN,16.54209446,0,0,ph,1,0
gf,ph,gm,gm,ph,KNOWN,9.201916496,0,1,ph,1,0
gf,gm,um,gm,um,KNOWN,6.502395619,1,0,ph,1,0
gj,jy,fd,fd,jy,KNOWN,8.539356605,0,0,oe,1,0
gj,sn,fd,fd,sn,EST,14.87748118,0,0,oe,1,0
gj,yn,fd,fd,yn,KNOWN,9.141683778,0,0,oe,1,0
gj,oz,fd,fd,oz,KNOWN,8.164271047,0,0,oe,1,0
gj,xc,fd,fd,xc,KNOWN,6.379192334,0,0,oe,1,0
gj,ph,fd,fd,ph,KNOWN,7.197809719,0,0,oe,1,0
gj,bt,fd,fd,bt,EST,11.63039014,0,0,oe,1,0
gj,ez,fd,fd,ez,KNOWN,7.260780287,0,0,oe,1,0
gj,oe,fd,fd,oe,KNOWN,10.04791239,0,1,oe,1,0
gj,pz,fd,fd,pz,KNOWN,14.53798768,1,0,oe,1,0
gn,fx,ez,fx,ez,KNOWN,7.430527036,0,0,jy,1,0
gn,oz,fx,fx,oz,KNOWN,8.334017796,0,0,jy,1,0
gn,fx,xc,fx,xc,KNOWN,6.548939083,0,0,jy,1,0
gn,fx,pz,fx,pz,KNOWN,14.70773443,0,0,jy,1,0
gn,fx,sn,fx,sn,EST,15.04722793,0,0,jy,1,0
gn,fx,oe,fx,oe,KNOWN,10.21765914,0,0,jy,1,0
gn,fx,ph,fx,ph,KNOWN,7.367556468,0,0,jy,1,0
gn,fx,bt,fx,bt,EST,11.80013689,0,0,jy,1,0
gn,fx,yn,fx,yn,KNOWN,9.311430527,0,0,jy,1,0
gn,fx,jy,fx,jy,KNOWN,8.709103354,1,1,jy,1,0
go,fx,oz,fx,oz,KNOWN,6.959616701,0,0,bt,1,0
go,fx,jy,fx,jy,KNOWN,7.334702259,0,0,bt,1,0
go,yr,fx,fx,yr,KNOWN,6.299794661,0,0,bt,1,0
go,fx,pz,fx,pz,KNOWN,13.33333333,0,0,bt,1,0
go,fx,oe,fx,oe,KNOWN,8.843258042,0,0,bt,1,0
go,fx,ph,fx,ph,KNOWN,5.993155373,0,0,bt,1,0
go,fx,ez,fx,ez,KNOWN,6.056125941,0,0,bt,1,0
go,fx,yn,fx,yn,KNOWN,7.937029432,0,0,bt,1,0
go,fx,fh,fx,fh,KNOWN,6.357289528,0,0,bt,1,0
go,fx,eb,fx,eb,KNOWN,10.275154,1,0,bt,1,0
go,fx,bt,fx,bt,EST,10.4257358,1,1,bt,1,0
gp,pv,fd,fd,pv,EST,7.578370979,0,0,oz,1,0
gp,um,fd,fd,um,KNOWN,6.882956879,0,0,oz,1,0
gp,xh,fd,fd,xh,KNOWN,6.819986311,0,0,oz,1,0
gp,jy,fd,fd,jy,KNOWN,10.92402464,0,0,oz,1,0
gp,pu2,fd,fd,pu2,EST,7.578370979,0,0,oz,1,0
gp,pq,fd,fd,pq,EST,9.94934976,0,0,oz,1,0
gp,fd,tp,fd,tp,KNOWN,13.26214921,0,0,oz,1,0
gp,sn,fd,fd,sn,EST,17.26214921,0,0,oz,1,0
gp,pz,fd,fd,pz,KNOWN,16.92265572,0,0,oz,1,0
gp,oz,fd,fd,oz,KNOWN,10.54893908,0,1,oz,1,0
gp,ph,fd,fd,ph,KNOWN,9.582477755,1,0,oz,1,0
gx,bt,fd,fd,bt,EST,12.79123888,0,0,oz,1,0
gx,hn,fd,fd,hn,EST,7.707049966,0,0,oz,1,0
gx,sn,fd,fd,sn,EST,16.03832991,0,0,oz,1,0
gx,um,fd,fd,um,KNOWN,5.659137577,0,0,oz,1,0
gx,ph,fd,fd,ph,KNOWN,8.358658453,0,0,oz,1,0
gx,xh,fd,fd,xh,KNOWN,5.596167009,0,0,oz,1,0
gx,jy,fd,fd,jy,KNOWN,9.700205339,0,0,oz,1,0
gx,oz,fd,fd,oz,KNOWN,9.325119781,0,1,oz,1,0
gx,pz,fd,fd,pz,KNOWN,15.69883641,0,0,oz,1,0
gx,oe,fd,fd,oe,KNOWN,11.20876112,1,0,oz,1,0
gz,oe,fx,fx,oe,KNOWN,11.46885695,0,0,bt,1,0
gz,fx,hn,fx,hn,EST,7.967145791,0,0,bt,1,0
gz,fx,ph,fx,ph,KNOWN,8.618754278,0,0,bt,1,0
gz,fx,pz,fx,pz,KNOWN,15.95893224,0,0,bt,1,0
gz,ub,fx,fx,ub,KNOWN,5.779603012,0,0,bt,1,0
gz,fx,oz,fx,oz,KNOWN,9.585215606,0,0,bt,1,0
gz,fx,xh,fx,xh,KNOWN,5.856262834,0,0,bt,1,0
gz,fx,sn,fx,sn,EST,16.29842574,0,0,bt,1,0
gz,fx,um,fx,um,KNOWN,5.919233402,0,0,bt,1,0
gz,fx,jy,fx,jy,KNOWN,9.960301164,0,0,bt,1,0
gz,fx,bt,fx,bt,EST,13.0513347,1,1,bt,1,0
ij,oo,jj,oo,jj,KNOWN,9.56605065,0,0,yn,0,1
ij,oo,sn,oo,sn,EST,16.45174538,0,0,yn,0,1
ij,oo,oe,oo,oe,KNOWN,11.62217659,0,0,yn,0,1
ij,oo,yn,oo,yn,KNOWN,10.71594798,0,1,yn,0,1
ij,af,oo,oo,af,KNOWN,5.511293634,1,0,yn,0,1
kf,oa,bt,oa,bt,EST,11.95893224,0,0,yn,1,0
kf,oa,ez,oa,ez,KNOWN,7.589322382,0,0,yn,1,0
kf,oa,oz,oa,oz,KNOWN,8.492813142,0,0,yn,1,0
kf,oa,ph,oa,ph,KNOWN,7.526351814,0,0,yn,1,0
kf,oa,xc,oa,xc,KNOWN,6.707734428,0,0,yn,1,0
kf,oa,oe,oa,oe,KNOWN,10.37645448,0,0,yn,1,0
kf,oa,sn,oa,sn,EST,15.20602327,0,0,yn,1,0
kf,jy,oa,oa,jy,KNOWN,8.8678987,0,0,yn,1,0
kf,oa,pz,oa,pz,KNOWN,14.86652977,1,0,yn,1,0
kh,ob,ez,ob,ez,KNOWN,7.16495551,0,0,yn,1,0
kh,ob,jj,ob,jj,KNOWN,7.89596167,0,0,yn,1,0
kh,oz,ob,ob,oz,KNOWN,8.06844627,0,0,yn,1,0
kh,ob,ph,ob,ph,KNOWN,7.101984942,0,0,yn,1,0
kh,ob,pz,ob,pz,KNOWN,14.4421629,0,0,yn,1,0
kh,ob,yr,ob,yr,KNOWN,7.40862423,0,0,yn,1,0
kh,ob,bt,ob,bt,EST,11.53456537,0,0,yn,1,0
kh,ob,jy,ob,jy,KNOWN,8.443531828,0,0,yn,1,0
kh,ob,oe,ob,oe,KNOWN,9.952087611,0,0,yn,1,0
kh,ob,sn,ob,sn,EST,14.7816564,0,0,yn,1,0
kh,ob,s1,ob,s1,EST,13.93566051,0,0,yn,1,0
kh,ob,yy,ob,yy,KNOWN,5.722108145,0,0,yn,1,0
kh,ob,tp,ob,tp,KNOWN,10.7816564,0,0,yn,1,0
kh,ob,xc,ob,xc,KNOWN,6.283367556,0,0,yn,1,0
kh,ob,yn,ob,yn,KNOWN,9.045859001,1,1,yn,1,0
kn,oy,pz,oy,pz,KNOWN,13.67556468,0,0,bt,1,0
kn,oy,oz,oy,oz,KNOWN,7.301848049,0,0,bt,1,0
kn,ez,oy,oy,ez,KNOWN,6.39835729,0,0,bt,1,0
kn,oy,oe,oy,oe,KNOWN,9.185489391,0,0,bt,1,0
kn,oy,eb,oy,eb,KNOWN,10.61738535,0,0,bt,1,0
kn,oy,jy,oy,jy,KNOWN,7.676933607,0,0,bt,1,0
kn,oy,ph,oy,ph,KNOWN,6.335386721,0,0,bt,1,0
kn,oy,sn,oy,sn,EST,14.01505818,0,0,bt,1,0
kn,oy,yn,oy,yn,KNOWN,8.27926078,0,0,bt,1,0
kn,oy,fh,oy,fh,KNOWN,6.699520876,0,0,bt,1,0
kn,oy,bt,oy,bt,EST,10.76796715,0,1,bt,1,0
kn,oy,yr,oy,yr,KNOWN,6.64202601,1,0,bt,1,0
kq,oy,hn,oy,hn,EST,7.72347707,0,0,jy,1,0
kq,oy,ph,oy,ph,KNOWN,8.375085558,0,0,jy,1,0
kq,oy,pz,oy,pz,KNOWN,15.71526352,0,0,jy,1,0
kq,oy,oz,oy,oz,KNOWN,9.341546886,0,0,jy,1,0
kq,oy,xh,oy,xh,KNOWN,5.612594114,0,0,jy,1,0
kq,oy,sn,oy,sn,EST,16.05475702,0,0,jy,1,0
kq,oy,um,oy,um,KNOWN,5.675564682,0,0,jy,1,0
kq,oy,oe,oy,oe,KNOWN,11.22518823,0,0,jy,1,0
kq,oy,bt,oy,bt,EST,12.80766598,0,0,jy,1,0
kq,oy,jy,oy,jy,KNOWN,9.716632444,1,1,jy,1,0
qf,yn,by,by,yn,KNOWN,8.991101985,0,0,jj,0,0
qf,yr,by,by,yr,KNOWN,7.353867214,0,0,jj,0,0
qf,yy,by,by,yy,KNOWN,5.667351129,0,0,jj,0,0
qf,tp,by,by,tp,KNOWN,10.72689938,0,0,jj,0,0
qf,by,jj,by,jj,KNOWN,7.841204654,0,1,jj,0,0
qf,s1,by,by,s1,EST,13.88090349,1,0,jj,0,0
qg,qc,oe,qc,oe,KNOWN,12.33675565,0,0,yr,0,0
qg,qc,pv,qc,pv,EST,7.482546201,0,0,yr,0,0
qg,qc,xh,qc,xh,KNOWN,6.724161533,0,0,yr,0,0
qg,qc,jj,qc,jj,KNOWN,10.28062971,0,0,yr,0,0
qg,qc,tp,qc,tp,KNOWN,13.16632444,0,0,yr,0,0
qg,s1,qc,qc,s1,EST,16.32032854,0,0,yr,0,0
qg,qc,yy,qc,yy,KNOWN,8.106776181,0,0,yr,0,0
qg,qc,yr,qc,yr,KNOWN,9.793292266,1,1,yr,0,0
qj,pv,qn,qn,pv,EST,7.561943874,0,0,yy,0,0
qj,qn,tp,qn,tp,KNOWN,13.24572211,0,0,yy,0,0
qj,xh,qn,qn,xh,KNOWN,6.803559206,0,0,yy,0,0
qj,qn,oe,qn,oe,KNOWN,12.41615332,0,0,yy,0,0
qj,qn,yr,qn,yr,KNOWN,9.872689938,0,0,yy,0,0
qj,qn,s1,qn,s1,EST,16.39972621,0,0,yy,0,0
qj,qn,jj,qn,jj,KNOWN,10.36002738,0,0,yy,0,0
qj,qn,yy,qn,yy,KNOWN,8.186173854,1,1,yy,0,0
ql,yn,by,by,yn,KNOWN,10.0698152,0,0,s1,0,0
ql,by,yy,by,yy,KNOWN,6.746064339,0,0,s1,0,0
ql,tp,by,by,tp,KNOWN,11.80561259,0,0,s1,0,0
ql,yr,by,by,yr,KNOWN,8.432580424,0,0,s1,0,0
ql,by,jj,by,jj,KNOWN,8.919917864,0,0,s1,0,0
ql,s1,by,by,s1,EST,14.9596167,1,1,s1,0,0
qm,qn,yn,qn,yn,KNOWN,10.275154,0,0,yr,0,0
qm,qn,yr,qn,yr,KNOWN,8.637919233,0,1,yr,0,0
qm,yy,qn,qn,yy,KNOWN,6.951403149,0,0,yr,0,0
qm,qn,s1,qn,s1,EST,15.16495551,0,0,yr,0,0
qm,qn,jj,qn,jj,KNOWN,9.125256674,0,0,yr,0,0
qm,qn,tp,qn,tp,KNOWN,12.0109514,1,0,yr,0,0
qo,yn,qc,qc,yn,KNOWN,9.998631075,0,0,yr,0,0
qo,qc,tp,qc,tp,KNOWN,11.73442847,0,0,yr,0,0
qo,qc,jj,qc,jj,KNOWN,8.848733744,0,0,yr,0,0
qo,qc,s1,qc,s1,EST,14.88843258,0,0,yr,0,0
qo,yy,qc,qc,yy,KNOWN,6.674880219,0,0,yr,0,0
qo,qc,yr,qc,yr,KNOWN,8.361396304,1,1,yr,0,0
qq,qp,yy,qp,yy,KNOWN,7.397672827,0,0,yr,0,0
qq,qp,yr,qp,yr,KNOWN,9.084188912,0,1,yr,0,0
qq,qp,tp,qp,tp,KNOWN,12.45722108,0,0,yr,0,0
qq,qp,s1,qp,s1,EST,15.61122519,1,0,yr,0,0
qr,qp,yn,qp,yn,KNOWN,8.377823409,0,0,tp,0,0
qr,s3,qp,qp,s3,EST,10.05886379,0,0,tp,0,0
qr,qp,sn,qp,sn,EST,14.11362081,0,0,tp,0,0
qr,qp,yr,qp,yr,KNOWN,6.740588638,0,0,tp,0,0
qr,qp,jj,qp,jj,KNOWN,7.227926078,0,0,tp,0,0
qr,qp,tp,qp,tp,KNOWN,10.11362081,0,1,tp,0,0
qr,s1,qp,qp,s1,EST,13.26762491,1,0,tp,0,0
qw,qn,yn,qn,yn,KNOWN,8.950034223,0,0,tp,0,0
qw,oe,qn,qn,oe,KNOWN,9.856262834,0,0,tp,0,0
qw,qn,yr,qn,yr,KNOWN,7.312799452,0,0,tp,0,0
qw,qn,yy,qn,yy,KNOWN,5.626283368,0,0,tp,0,0
qw,qn,s1,qn,s1,EST,13.83983573,0,0,tp,0,0
qw,qn,jj,qn,jj,KNOWN,7.800136893,0,0,tp,0,0
qw,qn,tp,qn,tp,KNOWN,10.68583162,1,1,tp,0,0
qy,qp,oe,qp,oe,KNOWN,10.41478439,0,0,tp,0,0
qy,yn,qp,qp,yn,KNOWN,9.508555784,0,0,tp,0,0
qy,qp,yr,qp,yr,KNOWN,7.871321013,0,0,tp,0,0
qy,yy,qp,qp,yy,KNOWN,6.184804928,0,0,tp,0,0
qy,s1,qp,qp,s1,EST,14.39835729,0,0,tp,0,0
qy,qp,tp,qp,tp,KNOWN,11.24435318,0,1,tp,0,0
qy,qp,jj,qp,jj,KNOWN,8.358658453,1,0,tp,0,0
rh,tr,sn,tr,sn,EST,16.38329911,0,0,yn,0,1
rh,tr,jj,tr,jj,KNOWN,9.497604381,0,0,yn,0,1
rh,tp,tr,tr,tp,KNOWN,12.38329911,0,0,yn,0,1
rh,tr,oe,tr,oe,KNOWN,11.55373032,1,0,yn,0,1
rh,tr,yn,tr,yn,KNOWN,10.64750171,1,1,yn,0,1
rq,tr,xc,tr,xc,KNOWN,6.231348392,0,0,bt,1,0
rq,tr,oz,tr,oz,KNOWN,8.016427105,0,0,bt,1,0
rq,tr,pz,tr,pz,KNOWN,14.39014374,0,0,bt,1,0
rq,tr,ph,tr,ph,KNOWN,7.049965777,0,0,bt,1,0
rq,tr,ez,tr,ez,KNOWN,7.112936345,0,0,bt,1,0
rq,tr,yn,tr,yn,KNOWN,8.993839836,0,0,bt,1,0
rq,tr,oe,tr,oe,KNOWN,9.900068446,0,0,bt,1,0
rq,tr,jy,tr,jy,KNOWN,8.391512663,0,0,bt,1,0
rq,tr,sn,tr,sn,EST,14.72963723,0,0,bt,1,0
rq,tr,bt,tr,bt,EST,11.4825462,1,1,bt,1,0
ru,ty,hn,ty,hn,EST,7.561943874,0,0,jy,1,0
ru,ty,ph,ty,ph,KNOWN,8.213552361,0,0,jy,1,0
ru,ty,sn,ty,sn,EST,15.89322382,0,0,jy,1,0
ru,ty,pz,ty,pz,KNOWN,15.55373032,0,0,jy,1,0
ru,oz,ty,ty,oz,KNOWN,9.180013689,0,0,jy,1,0
ru,ty,oe,ty,oe,KNOWN,11.06365503,0,0,jy,1,0
ru,ty,bt,ty,bt,EST,12.64613279,0,0,jy,1,0
ru,ty,xh,ty,xh,KNOWN,5.451060917,0,0,jy,1,0
ru,ty,um,ty,um,KNOWN,5.514031485,0,0,jy,1,0
ru,ty,jy,ty,jy,KNOWN,9.555099247,1,1,jy,1,0
tj,tr,bt,tr,bt,EST,10.28336756,0,1,bt,1,0
tj,tr,ez,tr,ez,KNOWN,5.9137577,0,0,bt,1,0
tj,tr,jy,tr,jy,KNOWN,7.192334018,0,0,bt,1,0
tj,tr,ph,tr,ph,KNOWN,5.850787132,0,0,bt,1,0
tj,tr,pz,tr,pz,KNOWN,13.19096509,0,0,bt,1,0
tj,oe,tr,tr,oe,KNOWN,8.700889802,0,0,bt,1,0
tj,tr,yr,tr,yr,KNOWN,6.15742642,0,0,bt,1,0
tj,tr,yn,tr,yn,KNOWN,7.794661191,0,0,bt,1,0
tj,tr,eb,tr,eb,KNOWN,10.13278576,1,0,bt,1,0
ue,oz,ux,ux,oz,KNOWN,7.726214921,0,0,yn,1,0
ue,pz,ux,ux,pz,KNOWN,14.09993155,0,0,yn,1,0
ue,ph,ux,ux,ph,KNOWN,6.759753593,0,0,yn,1,0
ue,sn,ux,ux,sn,EST,14.43942505,0,0,yn,1,0
ue,oe,ux,ux,oe,KNOWN,9.609856263,0,0,yn,1,0
ue,jy,ux,ux,jy,KNOWN,8.101300479,0,0,yn,1,0
ue,ux,bt,ux,bt,EST,11.19233402,0,0,yn,1,0
ue,ez,ux,ux,ez,KNOWN,6.822724162,0,0,yn,1,0
ue,jj,ux,ux,jj,KNOWN,7.553730322,0,0,yn,1,0
ue,yr,ux,ux,yr,KNOWN,7.066392882,0,0,yn,1,0
ue,s1,ux,ux,s1,EST,13.59342916,0,0,yn,1,0
ue,yn,ux,ux,yn,KNOWN,8.703627652,0,1,yn,1,0
ue,yy,ux,ux,yy,KNOWN,5.379876797,0,0,yn,1,0
ue,tp,ux,ux,tp,KNOWN,10.43942505,1,0,yn,1,0
up2,un,pq,un,pq,EST,9.546885695,0,0,ph,1,0
up2,un,sn,un,sn,EST,16.85968515,0,0,ph,1,0
up2,un,tp,un,tp,KNOWN,12.85968515,0,0,ph,1,0
up2,un,jy,un,jy,KNOWN,10.52156057,0,0,ph,1,0
up2,un,um,un,um,KNOWN,6.480492813,0,0,ph,1,0
up2,un,oz,un,oz,KNOWN,10.14647502,0,0,ph,1,0
up2,un,xh,un,xh,KNOWN,6.417522245,0,0,ph,1,0
up2,af,un,un,af,KNOWN,5.919233402,0,0,ph,1,0
up2,pv,un,un,pv,EST,7.175906913,0,0,ph,1,0
up2,un,pu2,un,pu2,EST,7.175906913,0,0,ph,1,0
up2,un,ph,un,ph,KNOWN,9.180013689,0,1,ph,1,0
up2,un,pz,un,pz,KNOWN,16.52019165,1,0,ph,1,0
uw,ut,yy,ut,yy,KNOWN,5.399041752,0,0,tp,0,0
uw,yr,ut,ut,yr,KNOWN,7.085557837,0,0,tp,0,0
uw,ut,jj,ut,jj,KNOWN,7.572895277,0,0,tp,0,0
uw,ut,yn,ut,yn,KNOWN,8.722792608,0,0,tp,0,0
uw,ut,tp,ut,tp,KNOWN,10.45859001,0,1,tp,0,0
uw,ut,s1,ut,s1,EST,13.61259411,1,0,tp,0,0
uy,yn,ut,ut,yn,KNOWN,9.889117043,0,0,yr,0,0
uy,yr,ut,ut,yr,KNOWN,8.251882272,0,1,yr,0,0
uy,yy,ut,ut,yy,KNOWN,6.565366188,0,0,yr,0,0
uy,jj,ut,ut,jj,KNOWN,8.739219713,0,0,yr,0,0
uy,ut,tp,ut,tp,KNOWN,11.62491444,0,0,yr,0,0
uy,ut,s1,ut,s1,EST,14.77891855,1,0,yr,0,0
vq,tp,uv,uv,tp,KNOWN,13.4072553,0,0,jj,0,0
vq,uv,xh,uv,xh,KNOWN,6.965092402,0,0,jj,0,0
vq,oe,uv,uv,oe,KNOWN,12.57768652,0,0,jj,0,0
vq,s1,uv,uv,s1,EST,16.56125941,0,0,jj,0,0
vq,jj,uv,uv,jj,KNOWN,10.52156057,0,1,jj,0,0
vq,uv,yy,uv,yy,KNOWN,8.34770705,0,0,jj,0,0
vq,yr,uv,uv,yr,KNOWN,10.03422313,1,0,jj,0,0
vw,yy,uv,uv,yy,KNOWN,7.331964408,0,0,yr,0,0
vw,yr,uv,uv,yr,KNOWN,9.018480493,0,1,yr,0,0
vw,tp,uv,uv,tp,KNOWN,12.39151266,0,0,yr,0,0
vw,uv,s1,uv,s1,EST,15.54551677,1,0,yr,0,0
vw,jj,uv,uv,jj,KNOWN,9.505817933,1,0,yr,0,0
xo,ua,jj,ua,jj,KNOWN,9.412731006,0,0,yr,0,0
xo,ua,yn,ua,yn,KNOWN,10.56262834,0,0,yr,0,0
xo,yy,ua,ua,yy,KNOWN,7.238877481,0,0,yr,0,0
xo,ua,tp,ua,tp,KNOWN,12.29842574,0,0,yr,0,0
xo,ua,s1,ua,s1,EST,15.45242984,0,0,yr,0,0
xo,ua,yr,ua,yr,KNOWN,8.925393566,1,1,yr,0,0
xt,eb,dz,dz,eb,KNOWN,10.75427789,0,0,oe,1,0
xt,yr,dz,dz,yr,KNOWN,6.778918549,0,0,oe,1,0
xt,dz,ez,dz,ez,KNOWN,6.535249829,0,0,oe,1,0
xt,yn,dz,dz,yn,KNOWN,8.41615332,0,0,oe,1,0
xt,bt,dz,dz,bt,EST,10.90485969,0,0,oe,1,0
xt,jy,dz,dz,jy,KNOWN,7.813826146,0,0,oe,1,0
xt,oz,dz,dz,oz,KNOWN,7.438740589,0,0,oe,1,0
xt,sn,dz,dz,sn,EST,14.15195072,0,0,oe,1,0
xt,fh,dz,dz,fh,KNOWN,6.836413415,0,0,oe,1,0
xt,ph,dz,dz,ph,KNOWN,6.472279261,0,0,oe,1,0
xt,oe,dz,dz,oe,KNOWN,9.32238193,0,1,oe,1,0
xt,dz,pz,dz,pz,KNOWN,13.81245722,1,0,oe,1,0
ye,jy,bf,bf,jy,KNOWN,7.58110883,0,0,oe,1,0
ye,oz,bf,bf,oz,KNOWN,7.206023272,0,0,oe,1,0
ye,bf,bt,bf,bt,EST,10.67214237,0,0,oe,1,0
ye,ph,bf,bf,ph,KNOWN,6.239561944,0,0,oe,1,0
ye,oe,bf,bf,oe,KNOWN,9.089664613,0,1,oe,1,0
ye,fh,bf,bf,fh,KNOWN,6.603696099,0,0,oe,1,0
ye,bf,ez,bf,ez,KNOWN,6.302532512,0,0,oe,1,0
ye,eb,bf,bf,eb,KNOWN,10.52156057,0,0,oe,1,0
ye,pz,bf,bf,pz,KNOWN,13.5797399,1,0,oe,1,0
yg,ez,bf,bf,ez,KNOWN,7.550992471,0,0,oz,1,0
yg,sn,bf,bf,sn,EST,15.16769336,0,0,oz,1,0
yg,jy,bf,bf,jy,KNOWN,8.829568789,0,0,oz,1,0
yg,ph,bf,bf,ph,KNOWN,7.488021903,0,0,oz,1,0
yg,bf,xc,bf,xc,KNOWN,6.669404517,0,0,oz,1,0
yg,bt,bf,bf,bt,EST,11.92060233,0,0,oz,1,0
yg,oz,bf,bf,oz,KNOWN,8.454483231,0,1,oz,1,0
yg,pz,bf,bf,pz,KNOWN,14.82819986,0,0,oz,1,0
yg,oe,bf,bf,oe,KNOWN,10.33812457,1,0,oz,1,0
yo,yr,ux,ux,yr,KNOWN,8.366872005,0,0,yn,0,0
yo,ux,jj,ux,jj,KNOWN,8.854209446,0,0,yn,0,0
yo,yn,ux,ux,yn,KNOWN,10.00410678,0,1,yn,0,0
yo,ux,yy,ux,yy,KNOWN,6.680355921,0,0,yn,0,0
yo,s1,ux,ux,s1,EST,14.89390828,1,0,yn,0,0
yo,tp,ux,ux,tp,KNOWN,11.73990418,1,0,yn,0,0
yq,yp,ph,yp,ph,KNOWN,8.449007529,0,0,oz,1,0
yq,hn,yp,yp,hn,EST,7.797399042,0,0,oz,1,0
yq,sn,yp,yp,sn,EST,16.12867899,0,0,oz,1,0
yq,pz,yp,yp,pz,KNOWN,15.78918549,0,0,oz,1,0
yq,xh,yp,yp,xh,KNOWN,5.686516085,0,0,oz,1,0
yq,yp,bt,yp,bt,EST,12.88158795,0,0,oz,1,0
yq,oe,yp,yp,oe,KNOWN,11.2991102,0,0,oz,1,0
yq,um,yp,yp,um,KNOWN,5.749486653,0,0,oz,1,0
yq,jy,yp,yp,jy,KNOWN,9.790554415,0,0,oz,1,0
yq,ub,yp,yp,ub,KNOWN,5.609856263,0,0,oz,1,0
yq,oz,yp,yp,oz,KNOWN,9.415468857,1,1,oz,1,0
yx,jj,uk,uk,jj,KNOWN,8.596851472,0,0,yn,0,0
yx,uk,yy,uk,yy,KNOWN,6.422997947,0,0,yn,0,0
yx,uk,tp,uk,tp,KNOWN,11.4825462,0,0,yn,0,0
yx,yr,uk,uk,yr,KNOWN,8.109514031,0,0,yn,0,0
yx,uk,s1,uk,s1,EST,14.63655031,0,0,yn,0,0
yx,uk,yn,uk,yn,KNOWN,9.746748802,1,1,yn,0,0
zf,uz,tp,uz,tp,KNOWN,12.39425051,0,0,jy,1,0
zf,hn,uz,uz,hn,EST,8.062970568,0,0,jy,1,0
zf,oz,uz,uz,oz,KNOWN,9.681040383,0,0,jy,1,0
zf,xh,uz,uz,xh,KNOWN,5.952087611,0,0,jy,1,0
zf,ph,uz,uz,ph,KNOWN,8.714579055,0,0,jy,1,0
zf,um,uz,uz,um,KNOWN,6.015058179,0,0,jy,1,0
zf,pz,uz,uz,pz,KNOWN,16.05475702,0,0,jy,1,0
zf,jy,uz,uz,jy,KNOWN,10.05612594,0,1,jy,1,0
zf,ub,uz,uz,ub,KNOWN,5.875427789,0,0,jy,1,0
zf,oe,uz,uz,oe,KNOWN,11.56468172,0,0,jy,1,0
zf,uz,bt,uz,bt,EST,13.14715948,0,0,jy,1,0
zf,sn,uz,uz,sn,EST,16.39425051,1,0,jy,1,0
zi,un,jy,un,jy,KNOWN,9.160848734,0,0,oz,1,0
zi,un,sn,un,sn,EST,15.49897331,0,0,oz,1,0
zi,ph,un,un,ph,KNOWN,7.819301848,0,0,oz,1,0
zi,un,bt,un,bt,EST,12.25188227,0,0,oz,1,0
zi,un,xc,un,xc,KNOWN,7.000684463,0,0,oz,1,0
zi,un,oz,un,oz,KNOWN,8.785763176,0,1,oz,1,0
zi,oe,un,un,oe,KNOWN,10.66940452,0,0,oz,1,0
zi,un,pz,un,pz,KNOWN,15.15947981,1,0,oz,1,0
zo,ut,jj,ut,jj,KNOWN,9.768651608,0,1,jj,0,0
zo,ut,yy,ut,yy,KNOWN,7.594798084,0,0,jj,0,0
zo,ut,tp,ut,tp,KNOWN,12.65434634,0,0,jj,0,0
zo,yr,ut,ut,yr,KNOWN,9.281314168,0,0,jj,0,0
zo,ut,s1,ut,s1,EST,15.80835044,1,0,jj,0,0
zp,ug,af,ug,af,KNOWN,5.672826831,0,0,ph,1,0
zp,ug,oz,ug,oz,KNOWN,9.900068446,0,0,ph,1,0
zp,ug,bt,ug,bt,EST,13.36618754,0,0,ph,1,0
zp,ug,sn,ug,sn,EST,16.61327858,0,0,ph,1,0
zp,ug,pz,ug,pz,KNOWN,16.27378508,0,0,ph,1,0
zp,ug,ph,ug,ph,KNOWN,8.933607118,0,1,ph,1,0
zp,ug,ub,ug,ub,KNOWN,6.094455852,0,0,ph,1,0
zp,ug,jy,ug,jy,KNOWN,10.275154,0,0,ph,1,0
zp,um,ug,ug,um,KNOWN,6.234086242,0,0,ph,1,0
zp,ug,xh,ug,xh,KNOWN,6.171115674,1,0,ph,1,0
zs,ur,bt,ur,bt,EST,13.05407255,0,0,jy,1,0
zs,ur,hn,ur,hn,EST,7.969883641,0,0,jy,1,0
zs,ur,um,ur,um,KNOWN,5.921971253,0,0,jy,1,0
zs,jy,ur,ur,jy,KNOWN,9.963039014,0,1,jy,1,0
zs,ur,xh,ur,xh,KNOWN,5.859000684,0,0,jy,1,0
zs,ur,sn,ur,sn,EST,16.30116359,0,0,jy,1,0
zs,ub,ur,ur,ub,KNOWN,5.782340862,0,0,jy,1,0
zs,ur,oz,ur,oz,KNOWN,9.587953457,0,0,jy,1,0
zs,ur,oe,ur,oe,KNOWN,11.4715948,0,0,jy,1,0
zs,ur,ph,ur,ph,KNOWN,8.621492129,0,0,jy,1,0
zs,ur,pz,ur,pz,KNOWN,15.96167009,1,0,jy,1,0
zu,uj,hn,uj,hn,EST,7.728952772,0,0,jy,1,0
zu,oe,uj,uj,oe,KNOWN,11.23066393,0,0,jy,1,0
zu,uj,xh,uj,xh,KNOWN,5.618069815,0,0,jy,1,0
zu,uj,oz,uj,oz,KNOWN,9.347022587,0,0,jy,1,0
zu,sn,uj,uj,sn,EST,16.06023272,0,0,jy,1,0
zu,uj,pz,uj,pz,KNOWN,15.72073922,0,0,jy,1,0
zu,uj,ph,uj,ph,KNOWN,8.380561259,0,0,jy,1,0
zu,uj,bt,uj,bt,EST,12.81314168,0,0,jy,1,0
zu,uj,um,uj,um,KNOWN,5.681040383,0,0,jy,1,0
zu,uj,jy,uj,jy,KNOWN,9.722108145,1,1,jy,1,0
